Date,Open,High,Low,Close,Adj Close,Volume,Year,Month,Day
04/04/2016,114.07,114.550003,111.610001,112.550003,112.550003,48487900,2016,4,4
05/04/2016,112.110001,113.32,111.900002,112.220001,112.220001,22962400,2016,4,5
06/04/2016,112.470001,113.809998,112.419998,113.709999,113.709999,20522400,2016,4,6
07/04/2016,113.790001,114.889999,113.07,113.639999,113.639999,20714500,2016,4,7
08/04/2016,114.25,114.330002,109.900002,110.629997,110.629997,48497800,2016,4,8
11/04/2016,110.699997,110.910004,108.769997,108.989998,108.989998,39762300,2016,4,11
12/04/2016,109.339996,111.160004,108.989998,110.610001,110.610001,26175900,2016,4,12
13/04/2016,112.230003,112.650002,106.519997,110.510002,110.510002,88227400,2016,4,13
14/04/2016,110.620003,112.040001,110.260002,110.839996,110.839996,28430900,2016,4,14
15/04/2016,110.790001,110.970001,109.199997,109.639999,109.639999,20922800,2016,4,15
18/04/2016,109.739998,110.809998,109.199997,110.449997,110.449997,21092700,2016,4,18
19/04/2016,111.099998,112.449997,109.160004,112.290001,112.290001,30210500,2016,4,19
20/04/2016,112.43,113.269997,111.559998,112.419998,112.419998,21027900,2016,4,20
21/04/2016,112.550003,114.040001,112.309998,113.440002,113.440002,20875200,2016,4,21
22/04/2016,111.209999,111.75,109.010002,110.559998,110.559998,38458200,2016,4,22
25/04/2016,109.870003,110.669998,109.07,110.099998,110.099998,21017900,2016,4,25
26/04/2016,110.489998,110.5,108.150002,108.760002,108.760002,22521500,2016,4,26
27/04/2016,107.940002,108.940002,106.309998,108.889999,108.889999,52213100,2016,4,27
28/04/2016,119.580002,120.790001,116.230003,116.730003,116.730003,87110100,2016,4,28
29/04/2016,116.82,117.839996,115.839996,117.580002,117.580002,37140600,2016,4,29
02/05/2016,117.830002,118.730003,116.57,118.57,118.57,28095200,2016,5,2
03/05/2016,117.519997,118.160004,117.019997,117.43,117.43,24117500,2016,5,3
04/05/2016,116.610001,118.300003,116.57,118.059998,118.059998,23380200,2016,5,4
05/05/2016,118.040001,118.980003,117.25,117.809998,117.809998,22056700,2016,5,5
06/05/2016,117.160004,119.639999,117.110001,119.489998,119.489998,26395600,2016,5,6
09/05/2016,119.540001,120.279999,118.900002,119.239998,119.239998,21138100,2016,5,9
10/05/2016,119.620003,120.5,119,120.5,120.5,22803700,2016,5,10
11/05/2016,120.410004,121.080002,119.419998,119.519997,119.519997,22038400,2016,5,11
12/05/2016,119.980003,120.839996,118.900002,120.279999,120.279999,22035500,2016,5,12
13/05/2016,120.379997,120.639999,119.68,119.809998,119.809998,18124300,2016,5,13
16/05/2016,119.379997,119.610001,117.349998,118.669998,118.669998,31247800,2016,5,16
17/05/2016,118.82,119.010002,117.199997,117.349998,117.349998,21328600,2016,5,17
18/05/2016,116.800003,118.269997,116.730003,117.650002,117.650002,21642300,2016,5,18
19/05/2016,117.050003,117.489998,115.879997,116.809998,116.809998,20544100,2016,5,19
20/05/2016,116.959999,117.989998,116.949997,117.349998,117.349998,18944800,2016,5,20
23/05/2016,117.419998,117.599998,115.940002,115.970001,115.970001,20367400,2016,5,23
24/05/2016,116.239998,117.730003,116.120003,117.699997,117.699997,20183600,2016,5,24
25/05/2016,118.129997,118.669998,117.379997,117.889999,117.889999,20019800,2016,5,25
26/05/2016,118.239998,119.760002,117.919998,119.470001,119.470001,18191500,2016,5,26
27/05/2016,119.559998,119.849998,119.010002,119.379997,119.379997,13493600,2016,5,27
31/05/2016,119.459999,120.099998,118.120003,118.809998,118.809998,23547600,2016,5,31
01/06/2016,118.5,119.080002,117.82,118.779999,118.779999,15029500,2016,6,1
02/06/2016,118.690002,119.440002,118.220001,118.93,118.93,13189900,2016,6,2
03/06/2016,118.980003,118.980003,117.860001,118.470001,118.470001,14135100,2016,6,3
06/06/2016,118.620003,119.43,118.360001,118.790001,118.790001,12744700,2016,6,6
07/06/2016,119.239998,119.300003,117.669998,117.760002,117.760002,17103000,2016,6,7
08/06/2016,117.760002,118.599998,117.269997,118.389999,118.389999,14505600,2016,6,8
09/06/2016,118.129997,118.68,117.709999,118.559998,118.559998,13859200,2016,6,9
10/06/2016,117.540001,118.110001,116.260002,116.620003,116.620003,18510800,2016,6,10
13/06/2016,115,115.480003,113.309998,113.949997,113.949997,31718200,2016,6,13
14/06/2016,114.07,114.949997,113.580002,114.940002,114.940002,17618500,2016,6,14
15/06/2016,115.300003,115.440002,114.07,114.599998,114.599998,19819400,2016,6,15
16/06/2016,113.870003,114.5,112.940002,114.389999,114.389999,19236300,2016,6,16
17/06/2016,114.419998,114.43,112.559998,113.019997,113.019997,24644300,2016,6,17
20/06/2016,113.769997,114.720001,112.75,113.370003,113.370003,20785400,2016,6,20
21/06/2016,114.120003,115.209999,113.970001,114.379997,114.379997,19166300,2016,6,21
22/06/2016,114.650002,114.739998,113.610001,113.910004,113.910004,14846300,2016,6,22
23/06/2016,114.370003,115.089996,113.540001,115.080002,115.080002,16176900,2016,6,23
24/06/2016,111.010002,113.68,111,112.080002,112.080002,40643100,2016,6,24
27/06/2016,111.57,111.57,108.230003,108.970001,108.970001,36130400,2016,6,27
28/06/2016,110.629997,112.75,110.550003,112.699997,112.699997,26813800,2016,6,28
29/06/2016,113.370003,114.25,113.040001,114.160004,114.160004,20968300,2016,6,29
30/06/2016,114.669998,115.18,113.669998,114.279999,114.279999,23192700,2016,6,30
01/07/2016,114.199997,115.129997,113.809998,114.190002,114.190002,14980000,2016,7,1
05/07/2016,113.940002,114.199997,112.970001,114.199997,114.199997,14207000,2016,7,5
06/07/2016,113.360001,116.790001,112.970001,116.699997,116.699997,24337600,2016,7,6
07/07/2016,116.629997,116.970001,115.360001,115.849998,115.849998,16600600,2016,7,7
08/07/2016,116.43,117.5,115.849998,117.239998,117.239998,18142600,2016,7,8
11/07/2016,117.709999,118.699997,117.5,117.870003,117.870003,17711600,2016,7,11
12/07/2016,118.629997,118.720001,117.57,117.93,117.93,15217700,2016,7,12
13/07/2016,118.389999,118.400002,116.68,116.779999,116.779999,16207700,2016,7,13
14/07/2016,117.5,117.639999,116.699997,117.290001,117.290001,14579700,2016,7,14
15/07/2016,117.739998,118.279999,116.580002,116.860001,116.860001,16646000,2016,7,15
18/07/2016,117.32,119.610001,116.889999,119.370003,119.370003,20868400,2016,7,18
19/07/2016,118.989998,120.849998,118.660004,120.610001,120.610001,21541300,2016,7,19
20/07/2016,121.25,122.199997,120.559998,121.919998,121.919998,20046500,2016,7,20
21/07/2016,121.919998,122.099998,120.25,120.610001,120.610001,17801700,2016,7,21
22/07/2016,119.900002,121.010002,119.309998,121,121,18422400,2016,7,22
25/07/2016,121.389999,121.849998,117.779999,121.629997,121.629997,18487400,2016,7,25
26/07/2016,122,122.07,120.75,121.220001,121.220001,17612000,2016,7,26
27/07/2016,122.419998,125,121.510002,123.339996,123.339996,46673900,2016,7,27
28/07/2016,127.519997,128.330002,123.629997,125,125,78955800,2016,7,28
29/07/2016,124.650002,125.839996,123.709999,123.940002,123.940002,35058800,2016,7,29
01/08/2016,123.849998,124.580002,122.860001,124.309998,124.309998,25006900,2016,8,1
02/08/2016,124.059998,124.800003,122.07,123.089996,123.089996,23968400,2016,8,2
03/08/2016,123.089996,123.919998,122.309998,122.510002,122.510002,18525300,2016,8,3
04/08/2016,122.940002,124.790001,122.510002,124.360001,124.360001,21038000,2016,8,4
05/08/2016,124.980003,125.839996,124.620003,125.150002,125.150002,20184000,2016,8,5
08/08/2016,125.25,125.449997,124.550003,125.260002,125.260002,15233900,2016,8,8
09/08/2016,125.339996,126.089996,124.529999,125.059998,125.059998,19621000,2016,8,9
10/08/2016,125.07,125.480003,124.540001,124.879997,124.879997,10670100,2016,8,10
11/08/2016,125.199997,125.379997,124.75,124.900002,124.900002,11657500,2016,8,11
12/08/2016,124.699997,125,124.18,124.879997,124.879997,12159000,2016,8,12
15/08/2016,124.910004,124.919998,123.699997,123.900002,123.900002,19295100,2016,8,15
16/08/2016,123.5,123.919998,122.779999,123.300003,123.300003,14222400,2016,8,16
17/08/2016,123.660004,124.379997,122.849998,124.370003,124.370003,13794200,2016,8,17
18/08/2016,124.010002,124.260002,123.639999,123.910004,123.910004,12400800,2016,8,18
19/08/2016,123.599998,124.160004,123.279999,123.559998,123.559998,11688300,2016,8,19
22/08/2016,123.330002,124.830002,123.110001,124.150002,124.150002,14386400,2016,8,22
23/08/2016,124.510002,125.089996,124.25,124.370003,124.370003,13309500,2016,8,23
24/08/2016,124.470001,124.690002,123.089996,123.480003,123.480003,12243700,2016,8,24
25/08/2016,123.120003,124.370003,123.099998,123.889999,123.889999,10730800,2016,8,25
26/08/2016,124.050003,125.190002,123.910004,124.959999,124.959999,17504800,2016,8,26
29/08/2016,124.349998,126.730003,124.349998,126.540001,126.540001,15815600,2016,8,29
30/08/2016,126.599998,126.599998,125.150002,125.839996,125.839996,17804300,2016,8,30
31/08/2016,125.599998,126.220001,125.099998,126.120003,126.120003,14200600,2016,8,31
01/09/2016,126.379997,126.629997,125.599998,126.169998,126.169998,13536100,2016,9,1
02/09/2016,126.849998,126.860001,126,126.510002,126.510002,12118800,2016,9,2
06/09/2016,126.669998,129.940002,126.470001,129.729996,129.729996,26278400,2016,9,6
07/09/2016,130.039993,131.979996,129.949997,131.050003,131.050003,27990800,2016,9,7
08/09/2016,130.919998,131.080002,129.809998,130.270004,130.270004,15553200,2016,9,8
09/09/2016,129.710007,129.949997,127.099998,127.099998,127.099998,27100700,2016,9,9
12/09/2016,125.959999,128.759995,125.75,128.690002,128.690002,21252800,2016,9,12
13/09/2016,128.029999,128.350006,126.660004,127.209999,127.209999,18016200,2016,9,13
14/09/2016,126.889999,128.800003,126.889999,127.769997,127.769997,15691100,2016,9,14
15/09/2016,127.980003,129.100006,127.669998,128.350006,128.350006,15077200,2016,9,15
16/09/2016,128.199997,129.179993,128.199997,129.070007,129.070007,24119200,2016,9,16
19/09/2016,129.910004,129.940002,128.259995,128.649994,128.649994,14919800,2016,9,19
20/09/2016,128.649994,129.169998,128.029999,128.639999,128.639999,11083800,2016,9,20
21/09/2016,129.130005,130.009995,128.389999,129.940002,129.940002,14068300,2016,9,21
22/09/2016,130.5,130.729996,129.559998,130.080002,130.080002,15538300,2016,9,22
23/09/2016,127.559998,128.600006,127.300003,127.959999,127.959999,28326300,2016,9,23
26/09/2016,127.370003,128.160004,126.800003,127.309998,127.309998,15064900,2016,9,26
27/09/2016,127.610001,129.009995,127.43,128.690002,128.690002,15637100,2016,9,27
28/09/2016,129.210007,129.470001,128.399994,129.229996,129.229996,12047600,2016,9,28
29/09/2016,129.179993,129.289993,127.550003,128.089996,128.089996,14532200,2016,9,29
30/09/2016,128.029999,128.589996,127.449997,128.270004,128.270004,18402900,2016,9,30
03/10/2016,128.380005,129.089996,127.800003,128.770004,128.770004,13156900,2016,10,3
04/10/2016,129.169998,129.279999,127.550003,128.190002,128.190002,14307500,2016,10,4
05/10/2016,128.25,128.800003,127.830002,128.470001,128.470001,12386800,2016,10,5
06/10/2016,128.429993,129.059998,128.080002,128.740005,128.740005,11682700,2016,10,6
07/10/2016,129.039993,129.25,128.330002,128.990005,128.990005,12804400,2016,10,7
10/10/2016,129.679993,130.699997,129.199997,130.240005,130.240005,15101400,2016,10,10
11/10/2016,130.229996,130.639999,128.229996,128.880005,128.880005,17537900,2016,10,11
12/10/2016,129.009995,129.660004,128.460007,129.050003,129.050003,11073000,2016,10,12
13/10/2016,128.210007,128.25,126.75,127.82,127.82,17139300,2016,10,13
14/10/2016,128.490005,128.949997,127.580002,127.879997,127.879997,13345300,2016,10,14
17/10/2016,128.199997,128.470001,127.32,127.540001,127.540001,11351700,2016,10,17
18/10/2016,128.679993,129.389999,128.009995,128.570007,128.570007,13457200,2016,10,18
19/10/2016,128.740005,130.470001,128.600006,130.110001,130.110001,16752300,2016,10,19
20/10/2016,130.070007,130.660004,129.5,130,130,13167500,2016,10,20
21/10/2016,129.779999,132.130005,129.699997,132.070007,132.070007,19088800,2016,10,21
24/10/2016,132.720001,133.410004,132.149994,133.279999,133.279999,17470200,2016,10,24
25/10/2016,133.5,133.5,132.220001,132.289993,132.289993,13336800,2016,10,25
26/10/2016,131.639999,132.259995,130.940002,131.039993,131.039993,13084700,2016,10,26
27/10/2016,131.740005,131.800003,129.270004,129.690002,129.690002,16741400,2016,10,27
28/10/2016,130.5,132.970001,129.929993,131.289993,131.289993,24545500,2016,10,28
31/10/2016,132.009995,132.119995,130.880005,130.990005,130.990005,15669000,2016,10,31
01/11/2016,131.410004,131.940002,128.649994,129.5,129.5,22077800,2016,11,1
02/11/2016,130.229996,130.229996,126.279999,127.169998,127.169998,39640900,2016,11,2
03/11/2016,122,123.279999,119.5,120,120,63766300,2016,11,3
04/11/2016,119.589996,121.93,119.25,120.75,120.75,30545500,2016,11,4
07/11/2016,122.830002,123.209999,121.349998,122.150002,122.150002,23008900,2016,11,7
08/11/2016,122.029999,124.610001,121.540001,124.220001,124.220001,19367800,2016,11,8
09/11/2016,121.5,123.809998,120.510002,123.18,123.18,31916000,2016,11,9
10/11/2016,123.93,124.18,115.269997,120.800003,120.800003,67846700,2016,11,10
11/11/2016,119.529999,120.699997,118.150002,119.019997,119.019997,32840100,2016,11,11
14/11/2016,119.129997,119.129997,113.550003,115.080002,115.080002,51247400,2016,11,14
15/11/2016,116.730003,118.489998,115.830002,117.199997,117.199997,34681400,2016,11,15
16/11/2016,114.480003,117.879997,114.209999,116.339996,116.339996,32345400,2016,11,16
17/11/2016,116.809998,117.790001,116.010002,117.790001,117.790001,18597800,2016,11,17
18/11/2016,118.389999,119.129997,116.839996,117.019997,117.019997,22879300,2016,11,18
21/11/2016,118.199997,121.949997,117.800003,121.769997,121.769997,35415400,2016,11,21
22/11/2016,122.400002,122.980003,120.900002,121.470001,121.470001,26089200,2016,11,22
23/11/2016,121.230003,121.309998,119.940002,120.839996,120.839996,15592400,2016,11,23
25/11/2016,121.010002,121.139999,120.07,120.379997,120.379997,8658600,2016,11,25
28/11/2016,120.120003,121.690002,119.82,120.410004,120.410004,18101300,2016,11,28
29/11/2016,120.57,122.099998,120.400002,120.870003,120.870003,18891000,2016,11,29
30/11/2016,120.32,121.790001,117.949997,118.419998,118.419998,30188900,2016,11,30
01/12/2016,118.379997,118.449997,114,115.099998,115.099998,43277000,2016,12,1
02/12/2016,115.110001,116.480003,114.300003,115.400002,115.400002,25070400,2016,12,2
05/12/2016,115.949997,117.57,115.07,117.43,117.43,20201500,2016,12,5
06/12/2016,117.690002,117.800003,116.330002,117.309998,117.309998,19131200,2016,12,6
07/12/2016,117,117.949997,116.57,117.949997,117.949997,21913700,2016,12,7
08/12/2016,117.980003,119.5,117.639999,118.910004,118.910004,22442800,2016,12,8
09/12/2016,119.220001,119.940002,118.949997,119.68,119.68,17464700,2016,12,9
12/12/2016,119.220001,119.239998,117.650002,117.769997,117.769997,17805500,2016,12,12
13/12/2016,117.860001,121.519997,117.610001,120.309998,120.309998,29768000,2016,12,13
14/12/2016,120,121.690002,118.849998,120.209999,120.209999,25913100,2016,12,14
15/12/2016,120.080002,122.5,119.629997,120.57,120.57,20139600,2016,12,15
16/12/2016,120.900002,121.5,119.269997,119.870003,119.870003,25174600,2016,12,16
19/12/2016,119.849998,120.360001,118.510002,119.239998,119.239998,15918100,2016,12,19
20/12/2016,119.5,119.769997,118.800003,119.089996,119.089996,13684400,2016,12,20
21/12/2016,118.919998,119.199997,118.480003,119.040001,119.040001,10767600,2016,12,21
22/12/2016,118.860001,118.989998,116.93,117.400002,117.400002,16258600,2016,12,22
23/12/2016,117,117.559998,116.300003,117.269997,117.269997,10877300,2016,12,23
27/12/2016,116.959999,118.68,116.860001,118.010002,118.010002,12051500,2016,12,27
28/12/2016,118.190002,118.25,116.650002,116.919998,116.919998,12087400,2016,12,28
29/12/2016,117,117.529999,116.059998,116.349998,116.349998,9921400,2016,12,29
30/12/2016,116.599998,116.830002,114.769997,115.050003,115.050003,18684100,2016,12,30
03/01/2017,116.029999,117.839996,115.510002,116.860001,116.860001,20663900,2017,1,3
04/01/2017,117.550003,119.660004,117.290001,118.690002,118.690002,19630900,2017,1,4
05/01/2017,118.860001,120.949997,118.32,120.669998,120.669998,19492200,2017,1,5
06/01/2017,120.980003,123.879997,120.029999,123.410004,123.410004,28545300,2017,1,6
09/01/2017,123.550003,125.43,123.040001,124.900002,124.900002,22861600,2017,1,9
10/01/2017,124.82,125.5,124.279999,124.349998,124.349998,17324600,2017,1,10
11/01/2017,124.349998,126.120003,124.059998,126.089996,126.089996,18356500,2017,1,11
12/01/2017,125.610001,126.730003,124.800003,126.620003,126.620003,18653900,2017,1,12
13/01/2017,127.489998,129.270004,127.370003,128.339996,128.339996,24884300,2017,1,13
17/01/2017,128.039993,128.339996,127.400002,127.870003,127.870003,15228000,2017,1,17
18/01/2017,128.410004,128.429993,126.839996,127.919998,127.919998,13145900,2017,1,18
19/01/2017,128.229996,128.350006,127.449997,127.550003,127.550003,12195500,2017,1,19
20/01/2017,128.100006,128.479996,126.779999,127.040001,127.040001,19097200,2017,1,20
23/01/2017,127.309998,129.25,126.949997,128.929993,128.929993,16593600,2017,1,23
24/01/2017,129.380005,129.899994,128.380005,129.369995,129.369995,15162700,2017,1,24
25/01/2017,130,131.740005,129.770004,131.479996,131.479996,18731300,2017,1,25
26/01/2017,131.630005,133.139999,131.440002,132.779999,132.779999,20020100,2017,1,26
27/01/2017,132.679993,132.949997,131.080002,132.179993,132.179993,19539500,2017,1,27
30/01/2017,131.580002,131.580002,129.600006,130.979996,130.979996,18956100,2017,1,30
31/01/2017,130.169998,130.660004,129.520004,130.320007,130.320007,19790500,2017,1,31
01/02/2017,132.25,133.490005,130.679993,133.229996,133.229996,50139800,2017,2,1
02/02/2017,133.220001,135.490005,130.399994,130.839996,130.839996,54366400,2017,2,2
03/02/2017,131.240005,132.850006,130.759995,130.979996,130.979996,24804900,2017,2,3
06/02/2017,130.979996,132.059998,130.300003,132.059998,132.059998,17058500,2017,2,6
07/02/2017,132.240005,133,131.660004,131.839996,131.839996,14596400,2017,2,7
08/02/2017,132.600006,134.440002,132.440002,134.199997,134.199997,22390600,2017,2,8
09/02/2017,134.490005,134.5,133.309998,134.139999,134.139999,16470600,2017,2,9
10/02/2017,134.100006,134.940002,133.679993,134.190002,134.190002,15061900,2017,2,10
13/02/2017,134.699997,134.699997,133.699997,134.050003,134.050003,13526200,2017,2,13
14/02/2017,134.100006,134.229996,132.550003,133.850006,133.850006,14340100,2017,2,14
15/02/2017,133.449997,133.699997,132.660004,133.440002,133.440002,13226500,2017,2,15
16/02/2017,133.070007,133.869995,133.020004,133.839996,133.839996,12831100,2017,2,16
17/02/2017,133.5,134.089996,133.169998,133.529999,133.529999,12276500,2017,2,17
21/02/2017,133.5,133.910004,132.899994,133.720001,133.720001,14759100,2017,2,21
22/02/2017,133.600006,136.789993,133.460007,136.119995,136.119995,27360100,2017,2,22
23/02/2017,135.889999,136.119995,134.330002,135.360001,135.360001,18422500,2017,2,23
24/02/2017,134.160004,135.619995,134.160004,135.440002,135.440002,12625700,2017,2,24
27/02/2017,135.259995,137.179993,135.020004,136.410004,136.410004,14306700,2017,2,27
28/02/2017,136.789993,136.809998,134.75,135.539993,135.539993,16112100,2017,2,28
01/03/2017,136.470001,137.479996,136.300003,137.419998,137.419998,16257000,2017,3,1
02/03/2017,137.089996,137.820007,136.309998,136.759995,136.759995,12294800,2017,3,2
03/03/2017,136.630005,137.330002,136.080002,137.169998,137.169998,11160600,2017,3,3
06/03/2017,136.880005,137.830002,136.509995,137.419998,137.419998,12748200,2017,3,6
07/03/2017,137.029999,138.369995,136.990005,137.300003,137.300003,13527100,2017,3,7
08/03/2017,137.149994,137.990005,137.050003,137.720001,137.720001,10184500,2017,3,8
09/03/2017,137.720001,138.570007,137.399994,138.240005,138.240005,15535300,2017,3,9
10/03/2017,138.910004,139.490005,138.220001,138.789993,138.789993,16314100,2017,3,10
13/03/2017,138.710007,139.679993,138.669998,139.600006,139.600006,10955500,2017,3,13
14/03/2017,139.460007,139.460007,138.520004,139.320007,139.320007,12944000,2017,3,14
15/03/2017,139.289993,140.100006,138.490005,139.720001,139.720001,19344800,2017,3,15
16/03/2017,140.199997,140.25,139.729996,139.990005,139.990005,13612900,2017,3,16
17/03/2017,140.339996,140.339996,139.699997,139.839996,139.839996,20592800,2017,3,17
20/03/2017,139.710007,140.190002,139.25,139.940002,139.940002,12099500,2017,3,20
21/03/2017,141.149994,142.309998,138.399994,138.509995,138.509995,29894800,2017,3,21
22/03/2017,137.929993,139.789993,137.600006,139.589996,139.589996,17055400,2017,3,22
23/03/2017,139.479996,140.389999,139.089996,139.529999,139.529999,13022800,2017,3,23
24/03/2017,140.080002,141.020004,139.759995,140.339996,140.339996,16664700,2017,3,24
27/03/2017,139.050003,140.649994,138.770004,140.320007,140.320007,12800500,2017,3,27
28/03/2017,140.360001,141.949997,140.009995,141.759995,141.759995,14679400,2017,3,28
29/03/2017,141.990005,142.860001,141.429993,142.649994,142.649994,16527600,2017,3,29
30/03/2017,142.399994,142.949997,141.850006,142.410004,142.410004,12404000,2017,3,30
31/03/2017,142.309998,142.630005,141.889999,142.050003,142.050003,11478300,2017,3,31
03/04/2017,141.929993,142.470001,140.820007,142.279999,142.279999,13564000,2017,4,3
04/04/2017,141.860001,142.089996,141.270004,141.729996,141.729996,12948600,2017,4,4
05/04/2017,142.259995,143.440002,141.289993,141.850006,141.850006,17158100,2017,4,5
06/04/2017,142.110001,142.220001,140.910004,141.169998,141.169998,15103400,2017,4,6
07/04/2017,141.199997,141.550003,140.240005,140.779999,140.779999,11818300,2017,4,7
10/04/2017,141,141.429993,140.630005,141.039993,141.039993,9039400,2017,4,10
11/04/2017,140.800003,141.029999,138.809998,139.919998,139.919998,16638100,2017,4,11
12/04/2017,139.720001,140.399994,139.440002,139.580002,139.580002,11612500,2017,4,12
13/04/2017,139.619995,140.580002,139.330002,139.389999,139.389999,10965600,2017,4,13
17/04/2017,139.759995,141.550003,139.75,141.419998,141.419998,11519700,2017,4,17
18/04/2017,141.270004,141.910004,140.610001,140.960007,140.960007,14807500,2017,4,18
19/04/2017,141.350006,143.039993,141.270004,142.270004,142.270004,15563900,2017,4,19
20/04/2017,142.949997,144.25,142.690002,143.800003,143.800003,15968200,2017,4,20
21/04/2017,143.899994,144.169998,142.270004,143.679993,143.679993,12382000,2017,4,21
24/04/2017,144.960007,145.669998,144.339996,145.470001,145.470001,14407200,2017,4,24
25/04/2017,145.789993,147.149994,145.789993,146.490005,146.490005,17767500,2017,4,25
26/04/2017,147.089996,147.589996,146.089996,146.559998,146.559998,12395000,2017,4,26
27/04/2017,146.669998,147.75,146.139999,147.699997,147.699997,11275100,2017,4,27
28/04/2017,149.5,151.529999,149.070007,150.25,150.25,30568000,2017,4,28
01/05/2017,151.740005,152.570007,151.419998,152.460007,152.460007,25218300,2017,5,1
02/05/2017,153.339996,153.440002,151.660004,152.779999,152.779999,21870400,2017,5,2
03/05/2017,153.600006,153.600006,151.339996,151.800003,151.800003,29782500,2017,5,3
04/05/2017,150.169998,151.520004,148.720001,150.850006,150.850006,36225500,2017,5,4
05/05/2017,151.449997,151.630005,149.789993,150.240005,150.240005,17148500,2017,5,5
08/05/2017,150.710007,151.080002,149.740005,151.059998,151.059998,15827500,2017,5,8
09/05/2017,151.490005,152.589996,150.210007,150.479996,150.479996,17453900,2017,5,9
10/05/2017,150.229996,150.520004,148.860001,150.289993,150.289993,12080700,2017,5,10
11/05/2017,150.309998,150.649994,149.410004,150.039993,150.039993,11841900,2017,5,11
12/05/2017,150.399994,150.460007,149.630005,150.330002,150.330002,9598200,2017,5,12
15/05/2017,150.169998,151.479996,149.770004,150.190002,150.190002,15064700,2017,5,15
16/05/2017,150.110001,150.210007,149.029999,149.779999,149.779999,14550800,2017,5,16
17/05/2017,148,148.669998,144.419998,144.850006,144.850006,28300100,2017,5,17
18/05/2017,144.720001,148.149994,144.509995,147.660004,147.660004,23031600,2017,5,18
19/05/2017,148.449997,149.389999,147.960007,148.059998,148.059998,16187900,2017,5,19
22/05/2017,148.080002,148.589996,147.690002,148.240005,148.240005,12586700,2017,5,22
23/05/2017,148.520004,148.809998,147.25,148.070007,148.070007,12817800,2017,5,23
24/05/2017,148.509995,150.229996,148.419998,150.039993,150.039993,17862400,2017,5,24
25/05/2017,150.300003,152.589996,149.949997,151.960007,151.960007,19891400,2017,5,25
26/05/2017,152.229996,152.25,151.149994,152.130005,152.130005,14996200,2017,5,26
30/05/2017,151.970001,152.899994,151.639999,152.380005,152.380005,13226000,2017,5,30
31/05/2017,152.699997,153.350006,151.089996,151.460007,151.460007,18023900,2017,5,31
01/06/2017,151.75,152.289993,150.300003,151.529999,151.529999,14530600,2017,6,1
02/06/2017,151.850006,153.630005,151.300003,153.610001,153.610001,16854400,2017,6,2
05/06/2017,153.639999,154.710007,153.410004,153.630005,153.630005,12520400,2017,6,5
06/06/2017,153.410004,154.520004,152.479996,152.809998,152.809998,13457100,2017,6,6
07/06/2017,153.270004,153.75,152.339996,153.119995,153.119995,12066700,2017,6,7
08/06/2017,154.080002,154.729996,153.100006,154.710007,154.710007,17719700,2017,6,8
09/06/2017,154.770004,155.589996,146.610001,149.600006,149.600006,35577700,2017,6,9
12/06/2017,148.169998,149.199997,144.559998,148.440002,148.440002,33170200,2017,6,12
13/06/2017,150.149994,151.179993,148.899994,150.679993,150.679993,20483400,2017,6,13
14/06/2017,151.259995,152.399994,149.050003,150.25,150.25,20808800,2017,6,14
15/06/2017,147.669998,150.039993,146.369995,149.800003,149.800003,18994200,2017,6,15
16/06/2017,149.589996,150.830002,148.600006,150.639999,150.639999,22882400,2017,6,16
19/06/2017,151.710007,153.570007,151.710007,152.869995,152.869995,19026500,2017,6,19
20/06/2017,152.880005,153.839996,152.210007,152.25,152.25,14743900,2017,6,20
21/06/2017,152.360001,154.080002,151.880005,153.910004,153.910004,15039800,2017,6,21
22/06/2017,153.009995,154.550003,152.910004,153.399994,153.399994,13005500,2017,6,22
23/06/2017,152.720001,155.199997,152.649994,155.070007,155.070007,18027000,2017,6,23
26/06/2017,156.25,156.5,153.199997,153.589996,153.589996,18049700,2017,6,26
27/06/2017,152.839996,153.309998,150.389999,150.580002,150.580002,19360800,2017,6,27
28/06/2017,150.919998,153.470001,149.860001,153.240005,153.240005,16719100,2017,6,28
29/06/2017,152.279999,152.5,148.919998,151.039993,151.039993,23973500,2017,6,29
30/06/2017,151.899994,151.919998,150.059998,150.979996,150.979996,17666000,2017,6,30
03/07/2017,151.720001,152.149994,147.800003,148.429993,148.429993,13862700,2017,7,3
05/07/2017,149,150.850006,148.130005,150.339996,150.339996,14334300,2017,7,5
06/07/2017,149.029999,150.039993,148,148.820007,148.820007,14951800,2017,7,6
07/07/2017,149.25,151.990005,149.190002,151.440002,151.440002,13615900,2017,7,7
10/07/2017,151.690002,153.979996,151.509995,153.5,153.5,13378700,2017,7,10
11/07/2017,153.369995,155.419998,152.910004,155.270004,155.270004,13667700,2017,7,11
12/07/2017,156.490005,159.160004,156.199997,158.899994,158.899994,22739400,2017,7,12
13/07/2017,158.740005,159.779999,158.419998,159.259995,159.259995,13929200,2017,7,13
14/07/2017,160.130005,160.320007,159.330002,159.970001,159.970001,16371200,2017,7,14
17/07/2017,160.25,160.779999,158.809998,159.729996,159.729996,12858800,2017,7,17
18/07/2017,159.660004,163.729996,159.419998,162.860001,162.860001,23722900,2017,7,18
19/07/2017,163.589996,165.699997,163.169998,164.139999,164.139999,26273600,2017,7,19
20/07/2017,164.800003,165,162.809998,164.529999,164.529999,18523100,2017,7,20
21/07/2017,164.160004,165.050003,163.75,164.429993,164.429993,14744000,2017,7,21
24/07/2017,164.639999,166.169998,164.309998,166,166,17367000,2017,7,24
25/07/2017,165.009995,165.539993,163.860001,165.279999,165.279999,15383200,2017,7,25
26/07/2017,166.009995,166.009995,164.100006,165.610001,165.610001,35236900,2017,7,26
27/07/2017,174.699997,175.490005,167.5,170.440002,170.440002,68910700,2017,7,27
28/07/2017,169.070007,173.429993,169.050003,172.449997,172.449997,24557600,2017,7,28
31/07/2017,172,172.720001,168.550003,169.25,169.25,25478900,2017,7,31
01/08/2017,169.820007,170.470001,169.050003,169.860001,169.860001,14385000,2017,8,1
02/08/2017,170.300003,170.550003,166.910004,169.300003,169.300003,17433800,2017,8,2
03/08/2017,169.300003,169.699997,168.25,168.589996,168.589996,10793800,2017,8,3
04/08/2017,168.970001,170.059998,168.690002,169.619995,169.619995,10777700,2017,8,4
07/08/2017,169.949997,172.059998,169.660004,171.979996,171.979996,12787800,2017,8,7
08/08/2017,171.880005,173.050003,170.619995,171.229996,171.229996,14393500,2017,8,8
09/08/2017,169.979996,171.449997,169.559998,171.179993,171.179993,10815000,2017,8,9
10/08/2017,170.059998,170.589996,166.850006,167.399994,167.399994,20832700,2017,8,10
11/08/2017,167.949997,168.820007,166.850006,168.080002,168.080002,13791200,2017,8,11
14/08/2017,170.089996,171.080002,169.289993,170.75,170.75,12954200,2017,8,14
15/08/2017,171.490005,171.5,170.009995,171,171,8729200,2017,8,15
16/08/2017,171.25,171.380005,169.240005,170,170,15779900,2017,8,16
17/08/2017,169.339996,169.860001,166.850006,166.910004,166.910004,17216000,2017,8,17
18/08/2017,166.839996,168.669998,166.210007,167.410004,167.410004,15093600,2017,8,18
21/08/2017,167.160004,168,165.820007,167.779999,167.779999,11907500,2017,8,21
22/08/2017,168.279999,169.869995,167.149994,169.639999,169.639999,11391000,2017,8,22
23/08/2017,168.839996,169.360001,168.199997,168.710007,168.710007,9856500,2017,8,23
24/08/2017,168.880005,169.289993,166.410004,167.740005,167.740005,14030400,2017,8,24
25/08/2017,167.860001,168.380005,166.179993,166.320007,166.320007,12614500,2017,8,25
28/08/2017,166.910004,167.699997,166.330002,167.240005,167.240005,8553700,2017,8,28
29/08/2017,165.25,168.429993,165,168.050003,168.050003,11121000,2017,8,29
30/08/2017,168.169998,170.179993,167.630005,169.919998,169.919998,11138300,2017,8,30
31/08/2017,170.399994,172.149994,170.059998,171.970001,171.970001,17226500,2017,8,31
01/09/2017,172.399994,172.919998,171.309998,172.020004,172.020004,11677600,2017,9,1
05/09/2017,171.270004,172.389999,169.550003,170.720001,170.720001,13210900,2017,9,5
06/09/2017,170.910004,172.479996,169.570007,172.089996,172.089996,13906300,2017,9,6
07/09/2017,171.940002,173.309998,170.270004,173.210007,173.210007,18049500,2017,9,7
08/09/2017,173.089996,173.490005,170.800003,170.949997,170.949997,10998500,2017,9,8
11/09/2017,172.399994,173.889999,172.199997,173.509995,173.509995,12372000,2017,9,11
12/09/2017,173.759995,174,171.75,172.960007,172.960007,11186300,2017,9,12
13/09/2017,173.009995,173.169998,172.059998,173.050003,173.050003,9119300,2017,9,13
14/09/2017,172.259995,172.279999,170.5,170.960007,170.960007,15615700,2017,9,14
15/09/2017,170.880005,172.339996,170.259995,171.639999,171.639999,15660500,2017,9,15
18/09/2017,171.990005,172.070007,169.339996,170.009995,170.009995,12954000,2017,9,18
19/09/2017,170.619995,172.559998,170.360001,172.520004,172.520004,13168600,2017,9,19
20/09/2017,172.5,173.050003,170.699997,172.169998,172.169998,12264100,2017,9,20
21/09/2017,171.690002,172.270004,170.009995,171.110001,171.110001,11161400,2017,9,21
22/09/2017,170.210007,171.729996,169.220001,170.539993,170.539993,12097100,2017,9,22
25/09/2017,169.240005,169.300003,161.559998,162.869995,162.869995,41251600,2017,9,25
26/09/2017,164.5,165.5,162.779999,164.210007,164.210007,23363300,2017,9,26
27/09/2017,165.899994,168.339996,165.570007,167.679993,167.679993,19242500,2017,9,27
28/09/2017,167.940002,169.070007,167.160004,168.729996,168.729996,12178700,2017,9,28
29/09/2017,168.830002,171.660004,168.809998,170.869995,170.869995,15340400,2017,9,29
02/10/2017,171.389999,171.869995,168.75,169.470001,169.470001,13392300,2017,10,2
03/10/2017,169.300003,170.729996,169.199997,169.960007,169.960007,8190300,2017,10,3
04/10/2017,169.830002,170.669998,168.289993,168.419998,168.419998,12127900,2017,10,4
05/10/2017,169.179993,171.309998,168.600006,171.240005,171.240005,14580600,2017,10,5
06/10/2017,170.25,172.369995,169.75,172.229996,172.229996,13124500,2017,10,6
09/10/2017,172.699997,174.880005,172,172.5,172.5,14570400,2017,10,9
10/10/2017,173,173.199997,170.800003,171.589996,171.589996,11341100,2017,10,10
11/10/2017,171.949997,172.779999,171.399994,172.740005,172.740005,11283700,2017,10,11
12/10/2017,172.610001,173.850006,172.289993,172.550003,172.550003,10351000,2017,10,12
13/10/2017,173.449997,174.649994,173.199997,173.740005,173.740005,13658300,2017,10,13
16/10/2017,174.490005,175,174.059998,174.520004,174.520004,11498800,2017,10,16
17/10/2017,174.710007,176.130005,174.360001,176.110001,176.110001,15990100,2017,10,17
18/10/2017,176.649994,176.740005,175.75,176.029999,176.029999,12752400,2017,10,18
19/10/2017,174.929993,176.029999,172.630005,174.559998,174.559998,14048400,2017,10,19
20/10/2017,175.5,175.880005,174.630005,174.979996,174.979996,12602200,2017,10,20
23/10/2017,175.199997,175.339996,171.25,171.270004,171.270004,13852700,2017,10,23
24/10/2017,172.300003,173.240005,171.5,171.800003,171.800003,12267900,2017,10,24
25/10/2017,171.899994,172.25,168.889999,170.600006,170.600006,15868200,2017,10,25
26/10/2017,171.380005,172.289993,170.389999,170.630005,170.630005,11833100,2017,10,26
27/10/2017,174.149994,178.210007,173.899994,177.880005,177.880005,30285300,2017,10,27
30/10/2017,179.259995,180.690002,177.610001,179.869995,179.869995,24353200,2017,10,30
31/10/2017,180.570007,180.800003,178.940002,180.059998,180.059998,20174200,2017,10,31
01/11/2017,182.360001,182.899994,180.570007,182.660004,182.660004,40918300,2017,11,1
02/11/2017,180.630005,181.940002,177.339996,178.919998,178.919998,35529900,2017,11,2
03/11/2017,179.289993,179.860001,176.710007,178.919998,178.919998,17822100,2017,11,3
06/11/2017,178.559998,180.449997,178.309998,180.169998,180.169998,13312700,2017,11,6
07/11/2017,180.5,180.75,178.960007,180.25,180.25,12928200,2017,11,7
08/11/2017,179.789993,180.350006,179.110001,179.559998,179.559998,10494100,2017,11,8
09/11/2017,178.309998,179.399994,177.089996,179.300003,179.300003,12610300,2017,11,9
10/11/2017,178.350006,179.100006,177.960007,178.460007,178.460007,11070200,2017,11,10
13/11/2017,177.5,179.039993,177.300003,178.770004,178.770004,9523400,2017,11,13
14/11/2017,178.130005,178.970001,177.179993,178.070007,178.070007,9585900,2017,11,14
15/11/2017,176.660004,178.570007,176.399994,177.949997,177.949997,10253700,2017,11,15
16/11/2017,178.759995,179.830002,178.5,179.589996,179.589996,15607600,2017,11,16
17/11/2017,179.300003,179.979996,178.899994,179,179,13018000,2017,11,17
20/11/2017,178.869995,179.5,178.100006,178.740005,178.740005,10052400,2017,11,20
21/11/2017,179.149994,181.889999,178.990005,181.860001,181.860001,14504000,2017,11,21
22/11/2017,181.300003,181.729996,180.440002,180.869995,180.869995,10376300,2017,11,22
24/11/2017,180.399994,183.149994,180.289993,182.779999,182.779999,9426300,2017,11,24
27/11/2017,182.559998,183.729996,181.990005,183.029999,183.029999,12344500,2017,11,27
28/11/2017,183.509995,184.25,182.089996,182.419998,182.419998,14379700,2017,11,28
29/11/2017,181.889999,181.970001,174,175.130005,175.130005,41933500,2017,11,29
30/11/2017,176.850006,178.279999,175.199997,177.179993,177.179993,25307600,2017,11,30
01/12/2017,176.029999,177.479996,172.339996,175.100006,175.100006,20182500,2017,12,1
04/12/2017,176.289993,176.570007,170.789993,171.470001,171.470001,24459400,2017,12,4
05/12/2017,170.449997,175.380005,169.009995,172.830002,172.830002,20184900,2017,12,5
06/12/2017,172.5,176.770004,171.899994,176.059998,176.059998,20255800,2017,12,6
07/12/2017,175.800003,180.389999,175.800003,180.139999,180.139999,20404500,2017,12,7
08/12/2017,181.529999,182.279999,178.740005,179,179,19883800,2017,12,8
11/12/2017,179.300003,180.220001,178.800003,179.039993,179.039993,13168600,2017,12,11
12/12/2017,178.600006,179.179993,176.600006,176.960007,176.960007,16854100,2017,12,12
13/12/2017,177.300003,179.160004,177.25,178.300003,178.300003,14615700,2017,12,13
14/12/2017,178.289993,180.360001,177.679993,178.389999,178.389999,13591000,2017,12,14
15/12/2017,179.020004,180.490005,178.360001,180.179993,180.179993,28463100,2017,12,15
18/12/2017,181.009995,181.300003,179.75,180.820007,180.820007,17265400,2017,12,18
19/12/2017,179.949997,180.080002,178.220001,179.509995,179.509995,14920600,2017,12,19
20/12/2017,179.809998,179.809998,177.360001,177.889999,177.889999,11860500,2017,12,20
21/12/2017,177.940002,178.679993,177.050003,177.449997,177.449997,11600700,2017,12,21
22/12/2017,177.139999,177.529999,176.229996,177.199997,177.199997,8509500,2017,12,22
26/12/2017,176.630005,177,174.669998,175.990005,175.990005,8897300,2017,12,26
27/12/2017,176.550003,178.440002,176.259995,177.619995,177.619995,9496100,2017,12,27
28/12/2017,177.949997,178.940002,177.679993,177.919998,177.919998,12220800,2017,12,28
29/12/2017,178,178.850006,176.460007,176.460007,176.460007,10261500,2017,12,29
02/01/2018,177.679993,181.580002,177.550003,181.419998,181.419998,18151900,2018,1,2
03/01/2018,181.880005,184.779999,181.330002,184.669998,184.669998,16886600,2018,1,3
04/01/2018,184.899994,186.210007,184.100006,184.330002,184.330002,13880900,2018,1,4
05/01/2018,185.589996,186.899994,184.929993,186.850006,186.850006,13574500,2018,1,5
08/01/2018,187.199997,188.899994,186.330002,188.279999,188.279999,17994700,2018,1,8
09/01/2018,188.699997,188.800003,187.100006,187.869995,187.869995,12393100,2018,1,9
10/01/2018,186.940002,187.889999,185.630005,187.839996,187.839996,10529900,2018,1,10
11/01/2018,188.399994,188.399994,187.380005,187.770004,187.770004,9588600,2018,1,11
12/01/2018,178.059998,181.479996,177.399994,179.369995,179.369995,77551300,2018,1,12
16/01/2018,181.5,181.75,178.039993,178.389999,178.389999,36183800,2018,1,16
17/01/2018,179.259995,179.320007,175.800003,177.600006,177.600006,27992400,2018,1,17
18/01/2018,178.130005,180.979996,177.080002,179.800003,179.800003,23304900,2018,1,18
19/01/2018,180.850006,182.369995,180.169998,181.289993,181.289993,26826500,2018,1,19
22/01/2018,180.800003,185.389999,180.410004,185.369995,185.369995,21059500,2018,1,22
23/01/2018,186.050003,189.550003,185.550003,189.350006,189.350006,25678800,2018,1,23
24/01/2018,189.889999,190.660004,186.520004,186.550003,186.550003,24334500,2018,1,24
25/01/2018,187.949997,188.619995,186.600006,187.479996,187.479996,17377700,2018,1,25
26/01/2018,187.75,190,186.809998,190,190,17759200,2018,1,26
29/01/2018,188.75,188.839996,185.630005,185.979996,185.979996,20453200,2018,1,29
30/01/2018,187.619995,188.179993,181.839996,187.119995,187.119995,20858600,2018,1,30
31/01/2018,188.369995,189.830002,185.220001,186.889999,186.889999,43275100,2018,1,31
01/02/2018,188.220001,195.320007,187.889999,193.089996,193.089996,54211300,2018,2,1
02/02/2018,192.039993,194.210007,189.979996,190.279999,190.279999,26677500,2018,2,2
05/02/2018,186.929993,190.610001,180.610001,181.259995,181.259995,33128200,2018,2,5
06/02/2018,178.570007,185.770004,177.740005,185.309998,185.309998,37758500,2018,2,6
07/02/2018,184.149994,185.080002,179.949997,180.179993,180.179993,27601900,2018,2,7
08/02/2018,181.009995,181.839996,171.479996,171.580002,171.580002,38478300,2018,2,8
09/02/2018,174.759995,176.899994,167.179993,176.110001,176.110001,39887600,2018,2,9
12/02/2018,177.059998,177.550003,171.839996,176.410004,176.410004,32092100,2018,2,12
13/02/2018,175.619995,175.970001,173.100006,173.149994,173.149994,21809400,2018,2,13
14/02/2018,173.449997,179.809998,173.210007,179.520004,179.520004,28929700,2018,2,14
15/02/2018,180.5,180.5,176.839996,179.960007,179.960007,20922100,2018,2,15
16/02/2018,178.990005,179.880005,176.300003,177.360001,177.360001,21015600,2018,2,16
20/02/2018,175.770004,177.949997,175.110001,176.009995,176.009995,21204900,2018,2,20
21/02/2018,176.710007,181.270004,176.399994,177.910004,177.910004,23200800,2018,2,21
22/02/2018,178.699997,180.210007,177.410004,178.990005,178.990005,18464200,2018,2,22
23/02/2018,179.899994,183.389999,179.509995,183.289993,183.289993,19007300,2018,2,23
26/02/2018,184.580002,185.660004,183.220001,184.929993,184.929993,17599700,2018,2,26
27/02/2018,184.449997,184.699997,181.460007,181.460007,181.460007,15849800,2018,2,27
28/02/2018,182.300003,182.880005,178.139999,178.320007,178.320007,18783000,2018,2,28
01/03/2018,179.009995,180.119995,174.410004,175.940002,175.940002,23201600,2018,3,1
02/03/2018,173.289993,177.110001,172.990005,176.619995,176.619995,20025900,2018,3,2
05/03/2018,176.199997,181.149994,175.889999,180.399994,180.399994,16189300,2018,3,5
06/03/2018,181.779999,182.380005,179.110001,179.779999,179.779999,15086800,2018,3,6
07/03/2018,178.740005,183.820007,178.070007,183.710007,183.710007,19097300,2018,3,7
08/03/2018,183.559998,184.399994,181.449997,182.339996,182.339996,17225900,2018,3,8
09/03/2018,183.910004,185.509995,183.210007,185.229996,185.229996,18526300,2018,3,9
12/03/2018,185.229996,186.100006,184.220001,184.759995,184.759995,15301200,2018,3,12
13/03/2018,185.610001,185.990005,181.110001,181.880005,181.880005,18067500,2018,3,13
14/03/2018,182.600006,184.25,181.850006,184.190002,184.190002,16821700,2018,3,14
15/03/2018,183.240005,184,182.190002,183.860001,183.860001,15614300,2018,3,15
16/03/2018,184.490005,185.330002,183.410004,185.089996,185.089996,24403400,2018,3,16
19/03/2018,177.009995,177.169998,170.059998,172.559998,172.559998,88140100,2018,3,19
20/03/2018,167.470001,170.199997,161.949997,168.149994,168.149994,129851800,2018,3,20
21/03/2018,164.800003,173.399994,163.300003,169.389999,169.389999,106598800,2018,3,21
22/03/2018,166.130005,170.270004,163.720001,164.889999,164.889999,73743000,2018,3,22
23/03/2018,165.440002,166.600006,159.020004,159.389999,159.389999,53609700,2018,3,23
26/03/2018,160.820007,161.100006,149.020004,160.059998,160.059998,126116600,2018,3,26
27/03/2018,156.309998,162.850006,150.75,152.220001,152.220001,79117000,2018,3,27
28/03/2018,151.649994,155.880005,150.800003,153.029999,153.029999,60029200,2018,3,28
29/03/2018,155.149994,161.419998,154.139999,159.789993,159.789993,59434300,2018,3,29
02/04/2018,157.809998,159.199997,154.110001,155.389999,155.389999,36796000,2018,4,2
03/04/2018,156.550003,157.389999,150.809998,156.110001,156.110001,42543900,2018,4,3
